date, users, repositories
2024-11-10, 6, 8
2024-11-11, 6, 11
2024-11-12, 6, 11
2024-11-13, 6, 11
2024-11-14, 6, 11
2024-11-15, 6, 11
2024-11-16, 6, 11
2024-11-17, 6, 11
2024-11-18, 6, 11
2024-11-19, 6, 11
2024-11-20, 6, 11
2024-11-21, 6, 11
2024-11-22, 6, 11
2024-11-23, 6, 11
2024-11-24, 6, 11
2024-11-25, 6, 11
2024-11-26, 6, 11
2024-11-27, 6, 11
2024-11-28, 6, 11
2024-11-29, 6, 11
2024-11-30, 6, 11
2024-12-01, 6, 11
2024-12-02, 6, 11
2024-12-03, 6, 11
2024-12-04, 6, 11
2024-12-05, 6, 11
2024-12-06, 6, 11
2024-12-07, 7, 12
2024-12-08, 7, 12
2024-12-09, 8, 13
2024-12-10, 8, 13
2024-12-11, 8, 13
2024-12-12, 8, 13
2024-12-13, 8, 13

2024-12-14, 8, 13
2024-12-15, 8, 13
2024-12-16, 8, 13
2024-12-17, 8, 13
2024-12-18, 8, 13
2024-12-19, 8, 13
2024-12-20, 8, 13
2024-12-21, 8, 13
2024-12-22, 8, 13